Nora Russell,(415) 276-9861,nunc.ullamcorper.eu@protonmail.com,7101 Nulla Rd.,United States,Paraíba
Sheila Tran,1-230-615-7067,consequat@google.edu,2044 A Street,Costa Rica,Eastern Cape
Ira Long,1-665-362-4773,et.netus@icloud.net,"P.O. Box 723, 7936 Proin St.",Austria,Lambayeque
Eagan Massey,(627) 337-4372,dolor@yahoo.edu,"P.O. Box 216, 7253 Ligula Ave",Poland,Kahramanmaraş
Gail Jimenez,(544) 841-8732,suspendisse.ac@google.couk,821-2458 Dolor Avenue,Vietnam,Central Kalimantan
Belle Campbell,(886) 489-7442,massa@yahoo.edu,Ap #892-5201 Facilisis St.,Chile,Eastern Cape
Emerson Byers,(869) 159-4742,tincidunt.aliquam@outlook.couk,Ap #965-7603 Dapibus Rd.,Sweden,Sindh
Echo Shepard,1-457-443-8833,sed.consequat@hotmail.ca,"P.O. Box 935, 7069 Phasellus Rd.",Costa Rica,Northern Cape
Ivan Crosby,1-677-706-2576,tristique@hotmail.org,918-5184 Proin Av.,New Zealand,Niedersachsen
Colt Thornton,1-233-231-7267,magna.ut.tincidunt@hotmail.couk,"P.O. Box 520, 9931 Leo. St.",Turkey,Mpumalanga
Olympia Jenkins,1-548-871-3711,mollis.lectus@google.net,474-2819 Cursus Street,Italy,Vestfold og Telemark
Christine Moody,1-116-241-5524,ornare.egestas.ligula@aol.net,2605 Turpis Road,France,Arica y Parinacota
Adrian Hardy,1-737-227-8242,amet@google.com,"Ap #509-7109 Tortor, Street",Spain,Córdoba
Leo Harding,1-691-346-5221,eu.tempor@protonmail.com,"P.O. Box 248, 7912 Ac Street",Netherlands,Provence-Alpes-Côte d'Azur
Tasha Kane,(572) 946-6617,dui@yahoo.com,5929 Ultrices Av.,Italy,İzmir
Darrel Shelton,(168) 778-2501,nullam@yahoo.net,Ap #935-3533 Tincidunt Road,Canada,Yucatán
Dexter Curry,1-522-647-8861,fringilla.porttitor@yahoo.com,708-8597 Nec St.,Russian Federation,Navarra
Theodore Dalton,1-844-202-1462,nostra.per@protonmail.net,Ap #924-1802 Est. Av.,Italy,Chelyabinsk Oblast
Uta Flores,1-360-744-6861,ipsum@hotmail.ca,"P.O. Box 322, 2529 Quis, Avenue",Peru,Troms og Finnmark
Chaney Mckee,1-285-123-1879,egestas.a.dui@icloud.edu,615-6756 Dui. St.,Indonesia,Gilgit Baltistan
Carol Barnett,1-561-558-8784,praesent.luctus.curabitur@outlook.org,Ap #977-2306 Donec Rd.,Vietnam,Guanacaste
Flavia Puckett,(418) 689-8538,erat.vitae@protonmail.ca,"P.O. Box 137, 7366 Tincidunt Ave",Nigeria,Vestland
Castor Wilcox,(675) 864-3856,varius@outlook.net,304-4388 Duis St.,United Kingdom,Atlántico
Jerry Hays,(641) 531-1406,ornare@google.org,Ap #424-6995 Aliquam St.,Mexico,Mecklenburg-Vorpommern
Althea Burns,(223) 814-9411,lobortis@yahoo.com,Ap #765-5379 Est Street,Australia,Tamil Nadu
Tasha Manning,1-962-353-7987,dapibus@aol.ca,163-1281 Aenean Rd.,Netherlands,Nevada
Derek Chang,1-692-603-3377,pede.sagittis@protonmail.com,486-5345 Metus. Rd.,Poland,West Java
Dacey Hays,(768) 272-5767,ultrices@hotmail.net,714-9851 Purus St.,Brazil,Cheshire
Lara Decker,(764) 758-7370,vehicula.aliquet@yahoo.com,"P.O. Box 964, 4587 Vel, Road",India,Hamburg
Amity Whitney,1-553-435-1474,commodo.auctor@protonmail.org,116-2377 A St.,India,Centre
Phyllis Neal,(310) 878-3422,elit.erat@protonmail.couk,"P.O. Box 193, 7546 Justo Ave",Chile,Central Kalimantan
Jemima Mcneil,(262) 872-3962,sem.molestie@yahoo.edu,253-7013 Diam. Street,Spain,Zakarpattia oblast
Cameron Brewer,(253) 258-1284,ipsum@outlook.couk,819-5418 Vestibulum Road,China,Zhytomyr oblast
Warren Witt,(767) 142-7410,feugiat.non@aol.org,"P.O. Box 456, 7037 Ullamcorper, Ave",Netherlands,Querétaro
Dominic Mullen,(555) 631-0607,tincidunt.adipiscing@google.com,Ap #792-2092 Cum Av.,Norway,North Island
Cadman Nieves,1-343-454-8121,auctor.odio.a@yahoo.net,"2586 Lorem, Street",United Kingdom,Free State
Delilah Skinner,(595) 675-3626,feugiat.tellus@outlook.net,"P.O. Box 843, 1386 Velit. Ave",Philippines,Umbria
Renee Oneal,(162) 182-1396,consectetuer@yahoo.net,"Ap #439-7719 Eget, St.",Costa Rica,Santa Catarina
Ori Caldwell,1-177-566-5303,vestibulum@google.net,Ap #931-1766 Non Avenue,United States,Trentino-Alto Adige
Rachel Guzman,(870) 937-5875,nullam.nisl@protonmail.couk,920-2865 Luctus Ave,Chile,łódzkie
Stacey Bolton,(891) 892-6447,ut.pharetra.sed@google.com,"P.O. Box 967, 228 Feugiat. St.",Italy,Antalya
Zachary Thornton,1-377-818-7728,eu.odio@google.org,"8263 Amet, Av.",Netherlands,Jönköpings län
Kenneth Moore,(280) 167-5821,pede@google.couk,958-7664 Sed St.,Brazil,Styria
Carson Winters,(477) 213-7573,tortor.dictum@icloud.edu,Ap #399-5489 Risus. Avenue,Norway,Maryland
Lane Guerra,1-961-885-3523,velit@yahoo.com,"P.O. Box 227, 4600 Consectetuer Rd.",Turkey,Sląskie
Clare Washington,(399) 228-3337,nibh.sit.amet@icloud.couk,7629 Commodo Rd.,India,Maranhão
Julian Witt,1-642-144-1265,donec@google.org,"Ap #828-7537 A, Avenue",Poland,Sachsen-Anhalt
Herman Beard,1-321-812-9723,sem.vitae@protonmail.org,263-3121 Ornare Street,Indonesia,Northern Mindanao
Lani Buck,(752) 514-6821,posuere.at@aol.couk,3417 Cras Ave,China,Flevoland
Cameron Melton,1-657-893-3920,dictum.mi.ac@outlook.org,"P.O. Box 560, 2864 Consectetuer, Road",Austria,Vienna
Iola Garcia,(587) 319-6721,mi@protonmail.edu,2542 Auctor Rd.,Chile,KwaZulu-Natal
Castor Gibson,(692) 477-3258,arcu.eu.odio@google.couk,Ap #675-9880 Taciti Street,Peru,Burgenland
September Battle,1-583-523-3061,ante.blandit.viverra@aol.edu,"P.O. Box 628, 1064 Dapibus Street",Chile,Gauteng
Wanda Jenkins,(971) 254-6723,vel@outlook.net,Ap #298-2067 At Rd.,Germany,İzmir
Zena Mcgowan,1-562-542-0281,lobortis.quam@protonmail.net,243-6645 Turpis. Avenue,Turkey,Heredia
Wynter Bean,1-535-896-1144,eros.nam.consequat@aol.com,"P.O. Box 622, 8742 Nisi Rd.",South Africa,Ceuta
Quemby Gibbs,(768) 516-4969,natoque@google.edu,183-1335 Pharetra Ave,Canada,Utah
Arthur Byers,(349) 707-0138,tempus.scelerisque.lorem@aol.net,"P.O. Box 122, 4767 Urna Rd.",Brazil,Chiapas
Garrison Pace,1-582-148-3963,dui.semper.et@yahoo.couk,897 Ridiculus Rd.,France,South Island
Orli Church,(473) 225-7428,duis.volutpat@outlook.edu,"P.O. Box 259, 797 Erat. St.",South Korea,Toscana
Louis Mosley,1-871-446-1584,nisi.nibh@protonmail.edu,Ap #573-6192 Erat Rd.,Russian Federation,Rheinland-Pfalz
Burton Talley,1-883-443-7208,massa.vestibulum@yahoo.com,Ap #133-6432 Nam Ave,Colombia,Ulster
Mannix Waters,1-885-886-3722,metus.eu.erat@yahoo.ca,Ap #189-2666 Metus. Street,Spain,Aydın
Alexandra Mann,(799) 558-5445,id@hotmail.net,389-1487 Vitae Ave,South Korea,Trøndelag
Bruno Coffey,1-548-524-3483,nec@protonmail.couk,"5370 Ut, Rd.",Brazil,Ontario
Zia Mason,1-231-636-9734,lectus@icloud.org,426-759 Adipiscing. St.,Turkey,Zamboanga Peninsula
Cherokee Neal,(234) 765-0705,lobortis.quis@protonmail.ca,"230-6155 Et, Ave",Sweden,Kogi
Kirsten Leon,1-642-218-5202,maecenas.ornare@icloud.edu,243-8433 Sem Rd.,Russian Federation,North Island
Philip Villarreal,1-273-355-8724,massa.non@icloud.couk,Ap #732-5848 Donec St.,India,Rheinland-Pfalz
Melissa Pickett,1-915-653-8310,et.euismod@aol.org,113-6840 Placerat Av.,Chile,Sindh
Garth Stanton,1-854-183-6527,in.molestie@yahoo.org,735-8687 Nibh Av.,Canada,Guanacaste
Keith Puckett,1-316-639-7652,nec.luctus.felis@icloud.edu,Ap #621-9539 Lacus. St.,Peru,Euskadi
Marshall Battle,1-123-404-7328,tempus.mauris.erat@outlook.org,402-1245 Egestas Road,Ireland,Warmińsko-mazurskie
Caldwell Bean,1-732-766-1264,quis.lectus.nullam@google.ca,940-378 Egestas. St.,India,Limón
Zia Strickland,(267) 796-2584,pede.cum@outlook.couk,334-1905 Aenean Av.,Chile,Canarias
Elaine Powers,1-660-525-3975,curabitur.dictum@icloud.com,5672 Interdum. Rd.,Norway,Ilocos Region
Lee Jensen,(935) 321-4171,ligula.nullam@hotmail.net,339-8839 Mattis St.,United Kingdom,Dalarnas län
Cole Luna,(921) 756-8461,dapibus.rutrum.justo@outlook.couk,Ap #659-3892 Nulla Av.,Nigeria,Salzburg
Rigel Mendez,(305) 215-1271,donec.porttitor@google.com,977-1073 Tortor Road,India,Huádōng
Gage Joseph,(416) 821-5943,malesuada@aol.couk,Ap #807-5525 Nibh Ave,Costa Rica,Limpopo
Wade Wall,(425) 275-9024,dolor@google.ca,Ap #424-2220 Justo. Road,Turkey,Leinster
Raphael Paul,1-588-976-3787,rutrum.magna@outlook.net,Ap #348-1322 Dignissim. Rd.,Colombia,Katsina
Ariana Hodge,(194) 552-5934,facilisis.facilisis@google.edu,8546 Risus. Street,Netherlands,Limousin
Ulysses Vasquez,1-965-865-0516,ac.libero@yahoo.com,5290 Porttitor Road,Nigeria,North Region
Wylie Foley,(522) 286-5678,est.mauris.rhoncus@yahoo.org,670-4046 Augue Rd.,New Zealand,Alaska
Naomi Barrett,(677) 488-4115,dolor.dapibus.gravida@google.edu,248-942 Suspendisse Rd.,Spain,Idaho
Karyn Potts,(361) 987-9465,integer.tincidunt.aliquam@icloud.edu,1865 Diam Rd.,Pakistan,Hidalgo
Ahmed Deleon,(650) 622-0728,elit.etiam.laoreet@aol.ca,Ap #415-380 Cras Av.,Peru,Gävleborgs län
Nero Mullen,1-726-424-5857,adipiscing@hotmail.net,891-6067 Est Ave,United Kingdom,Munster
Ray Shepherd,1-383-724-6181,nunc.sed@google.couk,288-8082 Maecenas St.,Singapore,Stockholms län
Dillon Chavez,(807) 212-1614,volutpat.nunc@google.ca,Ap #258-4682 Mauris St.,United States,Tamaulipas
Lareina Bullock,1-458-433-0851,lectus.ante@google.couk,Ap #709-9836 Dapibus Ave,Ukraine,Central Kalimantan
Louis Morales,1-538-781-6183,ligula.aenean@google.couk,Ap #986-9976 Convallis St.,Colombia,Salzburg
Emily Conley,1-141-844-7527,torquent.per.conubia@hotmail.org,2072 Et Ave,Belgium,Manisa
Maia White,(802) 405-8289,phasellus@icloud.net,"225-4217 Dui, Av.",Costa Rica,Utrecht
Briar Nicholson,1-384-565-9070,eu.ultrices.sit@hotmail.com,2384 Cursus. St.,Indonesia,Sachsen
Harper Barry,(933) 326-7038,felis.eget@yahoo.couk,2151 Bibendum Rd.,Costa Rica,South Chungcheong
Lenore Russell,(637) 631-6985,facilisis.lorem.tristique@protonmail.org,"Ap #663-2408 Vel, Rd.",United States,Bedfordshire
Keefe Walter,(282) 689-3462,vel@yahoo.couk,Ap #597-3888 Cras Rd.,Italy,Centre
Stella Pennington,1-937-715-5762,arcu.vestibulum@hotmail.edu,213-1897 Et Rd.,Ukraine,Samsun
